Model,Displ,Cyl,Trans,Drive,Fuel,Cert Region,Stnd,Stnd Description,Underhood ID,Veh Class,Air Pollution Score,City MPG,Hwy MPG,Cmb MPG,Greenhouse Gas Score,SmartWay
AUDI A4,2,4,AMS-7,2WD,Gasoline,CA,L3ULEV70,California LEV-III ULEV70,KVGAV02.0A7C,small car,5,27,34,30,7,Yes
AUDI A4,2,4,AMS-7,2WD,Gasoline,FA,T3B70,Federal Tier 3 Bin 70,KVGAV02.0A7C,small car,5,27,34,30,7,Yes
AUDI e-tron,N/A,N/A,Auto-1,4WD,Electricity,FA,T3B0,Federal Tier 3 Bin 0,KVGAT00.0AZE,standard SUV,10,74,73,74,10,Elite
AUDI e-tron,N/A,N/A,Auto-1,4WD,Electricity,CA,ZEV,California ZEV,KVGAT00.0AZE,standard SUV,10,74,73,74,10,Elite
BMW 330i,2,4,SemiAuto-8,2WD,Gasoline,CA,L3SULEV30,California LEV-III SULEV30,KBMXJ02.0B4X,small car,7,26,36,30,7,Yes
BMW 330i,2,4,SemiAuto-8,2WD,Gasoline,FA,T3B30,Federal Tier 3 Bin 30,KBMXJ02.0B4X,small car,7,26,36,30,7,Yes
BMW 530e,2,4,SemiAuto-8,2WD,Gasoline/Electricity,CA,L3SULEV30,California LEV-III SULEV30,KBMXV02.0H30,small car,7,27/70,30/75,29/72,10,Elite
BMW 530e,2,4,SemiAuto-8,2WD,Gasoline/Electricity,FA,T3B30,Federal Tier 3 Bin 30,KBMXV02.0H30,small car,7,27/70,30/75,29/72,10,Elite
BMW 530e,2,4,SemiAuto-8,4WD,Gasoline/Electricity,CA,L3SULEV30,California LEV-III SULEV30,KBMXV02.0H30,small car,7,27/66,31/68,28/67,10,Elite
BMW 530e,2,4,SemiAuto-8,4WD,Gasoline/Electricity,FA,T3B30,Federal Tier 3 Bin 30,KBMXV02.0H30,small car,7,27/66,31/68,28/67,10,Elite
BMW 740e,2,4,SemiAuto-8,4WD,Gasoline/Electricity,CA,L3ULEV125,California LEV-III ULEV125,KBMXV02.0H48,large car,3,25/62,29/68,27/64,9,Yes
BMW 740e,2,4,SemiAuto-8,4WD,Gasoline/Electricity,FA,T3B125,Federal Tier 3 Bin 125,KBMXV02.0H48,large car,3,25/62,29/68,27/64,9,Yes
BMW i3,.6,2,Auto-1,2WD,Gasoline/Electricity,CA,L3SULEV30,California LEV-III SULEV30,KBMXV00.6I3R,small car,7,30/107,31/93,31/100,10,Elite
BMW i3,.6,2,Auto-1,2WD,Gasoline/Electricity,FA,T3B30,Federal Tier 3 Bin 30,KBMXV00.6I3R,small car,7,30/107,31/93,31/100,10,Elite
BMW i3,N/A,N/A,Auto-1,2WD,Electricity,FA,T3B0,Federal Tier 3 Bin 0,KBMXV00.0I3B,small car,10,124,102,113,10,Elite
BMW i3,N/A,N/A,Auto-1,2WD,Electricity,CA,ZEV,California ZEV,KBMXV00.0I3B,small car,10,124,102,113,10,Elite
BMW i3s,.6,2,Auto-1,2WD,Gasoline/Electricity,CA,L3SULEV30,California LEV-III SULEV30,KBMXV00.6I3R,small car,7,30/107,31/93,31/100,10,Elite
BMW i3s,.6,2,Auto-1,2WD,Gasoline/Electricity,FA,T3B30,Federal Tier 3 Bin 30,KBMXV00.6I3R,small car,7,30/107,31/93,31/100,10,Elite
BMW i3s,N/A,N/A,Auto-1,2WD,Electricity,FA,T3B0,Federal Tier 3 Bin 0,KBMXV00.0I3B,small car,10,124,102,113,10,Elite
BMW i3s,N/A,N/A,Auto-1,2WD,Electricity,CA,ZEV,California ZEV,KBMXV00.0I3B,small car,10,124,102,113,10,Elite
BMW i8 Coupe,1.5,3,Auto-6,4WD,Gasoline/Electricity,CA,L3ULEV125,California LEV-III ULEV125,KBMXV01.5I8P,small car,3,26/68,29/70,27/69,10,Yes
BMW i8 Coupe,1.5,3,Auto-6,4WD,Gasoline/Electricity,FA,T3B125,Federal Tier 3 Bin 125,KBMXV01.5I8P,small car,3,26/68,29/70,27/69,10,Yes
BMW i8 Roadster,1.5,3,Auto-6,4WD,Gasoline/Electricity,CA,L3ULEV125,California LEV-III ULEV125,KBMXV01.5I8P,small car,3,26/68,29/70,27/69,10,Yes
BMW i8 Roadster,1.5,3,Auto-6,4WD,Gasoline/Electricity,FA,T3B125,Federal Tier 3 Bin 125,KBMXV01.5I8P,small car,3,26/68,29/70,27/69,10,Yes
BYD e6,N/A,N/A,Auto-1,2WD,Electricity,FA,B1,Federal Tier 2 Bin 1,KBYDV0000001,small SUV,10,73,71,72,10,Elite
CHEVROLET Bolt EV,N/A,N/A,Auto-1,2WD,Electricity,FA,T3B0,Federal Tier 3 Bin 0,KGMXV00.0002,station wagon,10,128,110,119,10,Elite
CHEVROLET Bolt EV,N/A,N/A,Auto-1,2WD,Electricity,CA,ZEV,California ZEV,KGMXV00.0002,station wagon,10,128,110,119,10,Elite
CHEVROLET Cruze,1.4,4,CVT,2WD,Gasoline,CA,L3ULEV50,California LEV-III ULEV50,KGMXV01.5002,small car,6,30,38,33,8,Yes
CHEVROLET Cruze,1.4,4,CVT,2WD,Gasoline,FA,T3B50,Federal Tier 3 Bin 50,KGMXV01.5002,small car,6,30,38,33,8,Yes
CHEVROLET Cruze,1.4,4,SemiAuto-6,2WD,Gasoline,CA,L3ULEV50,California LEV-III ULEV50,KGMXV01.5002,small car,6,28,38,32,7,Yes
CHEVROLET Cruze,1.4,4,SemiAuto-6,2WD,Gasoline,FA,T3B50,Federal Tier 3 Bin 50,KGMXV01.5002,small car,6,28,38,32,7,Yes
CHEVROLET Cruze,1.6,4,Auto-9,2WD,Diesel,CA,L3ULEV125,California LEV-III ULEV125,KGMXJ01.6356,small car,3,31,48,37,7,Yes
CHEVROLET Cruze,1.6,4,Auto-9,2WD,Diesel,FA,T3B125,Federal Tier 3 Bin 125,KGMXJ01.6356,small car,3,31,48,37,7,Yes
CHEVROLET Cruze Hatchback,1.4,4,SemiAuto-6,2WD,Gasoline,CA,L3ULEV50,California LEV-III ULEV50,KGMXV01.5002,midsize car,6,28,38,32,7,Yes
CHEVROLET Cruze Hatchback,1.4,4,SemiAuto-6,2WD,Gasoline,FA,T3B50,Federal Tier 3 Bin 50,KGMXV01.5002,midsize car,6,28,38,32,7,Yes
CHEVROLET Cruze Premier,1.4,4,SemiAuto-6,2WD,Gasoline,CA,L3ULEV50,California LEV-III ULEV50,KGMXV01.5002,small car,6,28,38,32,7,Yes
CHEVROLET Cruze Premier,1.4,4,SemiAuto-6,2WD,Gasoline,FA,T3B50,Federal Tier 3 Bin 50,KGMXV01.5002,small car,6,28,38,32,7,Yes
CHEVROLET Cruze Premier Hatchback,1.4,4,SemiAuto-6,2WD,Gasoline,CA,L3ULEV50,California LEV-III ULEV50,KGMXV01.5002,midsize car,6,28,37,31,7,Yes
CHEVROLET Cruze Premier Hatchback,1.4,4,SemiAuto-6,2WD,Gasoline,FA,T3B50,Federal Tier 3 Bin 50,KGMXV01.5002,midsize car,6,28,37,31,7,Yes
CHEVROLET Malibu,1.5,4,CVT,2WD,Gasoline,CA,L3ULEV50,California LEV-III ULEV50,KGMXV01.5002,midsize car,6,29,36,32,7,Yes
CHEVROLET Malibu,1.5,4,CVT,2WD,Gasoline,FA,T3B50,Federal Tier 3 Bin 50,KGMXV01.5002,midsize car,6,29,36,32,7,Yes
CHEVROLET Malibu,1.5,4,CVT,2WD,Gasoline,CA,L3SULEV30,California LEV-III SULEV30,KGMXV01.5010,midsize car,7,29,36,32,7,Yes
CHEVROLET Malibu,1.5,4,CVT,2WD,Gasoline,FA,T3B30,Federal Tier 3 Bin 30,KGMXV01.5010,midsize car,7,29,36,32,7,Yes
CHEVROLET Malibu,1.8,4,CVT,2WD,Gasoline,CA,L3ULEV70,California LEV-III ULEV70,KGMXV01.8050,midsize car,5,49,43,46,10,Yes
CHEVROLET Malibu,1.8,4,CVT,2WD,Gasoline,FA,T3B70,Federal Tier 3 Bin 70,KGMXV01.8050,midsize car,5,49,43,46,10,Yes
CHEVROLET Sonic,1.4,4,Man-6,2WD,Gasoline,CA,L3ULEV70,California LEV-III ULEV70,KGMXV01.4099,small car,5,27,38,31,7,Yes
CHEVROLET Sonic,1.4,4,Man-6,2WD,Gasoline,FA,T3B70,Federal Tier 3 Bin 70,KGMXV01.4099,small car,5,27,38,31,7,Yes
CHEVROLET Spark,1.4,4,CVT,2WD,Gasoline,CA,L3ULEV70,California LEV-III ULEV70,KGMXV01.4050,small car,5,30,38,33,8,Yes
CHEVROLET Spark,1.4,4,CVT,2WD,Gasoline,FA,T3B70,Federal Tier 3 Bin 70,KGMXV01.4050,small car,5,30,38,33,8,Yes
CHEVROLET Spark,1.4,4,Man-5,2WD,Gasoline,CA,L3ULEV70,California LEV-III ULEV70,KGMXV01.4050,small car,5,29,38,33,8,Yes
CHEVROLET Spark,1.4,4,Man-5,2WD,Gasoline,FA,T3B70,Federal Tier 3 Bin 70,KGMXV01.4050,small car,5,29,38,33,8,Yes
CHEVROLET Spark Activ,1.4,4,CVT,2WD,Gasoline,CA,L3ULEV70,California LEV-III ULEV70,KGMXV01.4050,small car,5,30,37,33,8,Yes
CHEVROLET Spark Activ,1.4,4,CVT,2WD,Gasoline,FA,T3B70,Federal Tier 3 Bin 70,KGMXV01.4050,small car,5,30,37,33,8,Yes
CHEVROLET Spark Activ,1.4,4,Man-5,2WD,Gasoline,CA,L3ULEV70,California LEV-III ULEV70,KGMXV01.4050,small car,5,29,37,32,7,Yes
CHEVROLET Spark Activ,1.4,4,Man-5,2WD,Gasoline,FA,T3B70,Federal Tier 3 Bin 70,KGMXV01.4050,small car,5,29,37,32,7,Yes
CHEVROLET Volt,1.5,4,CVT,2WD,Gasoline/Electricity,CA,L3ULEV70,California LEV-III ULEV70,KGMXV01.5020,small car,5,43/113,42/98,42/106,10,Yes
CHEVROLET Volt,1.5,4,CVT,2WD,Gasoline/Electricity,FA,T3B70,Federal Tier 3 Bin 70,KGMXV01.5020,small car,5,43/113,42/98,42/106,10,Yes
CHEVROLET Volt,1.5,4,CVT,2WD,Gasoline/Electricity,CA,L3SULEV30,California LEV-III SULEV30,KGMXV01.5030,small car,7,43/113,42/98,42/106,10,Elite
CHEVROLET Volt,1.5,4,CVT,2WD,Gasoline/Electricity,FA,T3B30,Federal Tier 3 Bin 30,KGMXV01.5030,small car,7,43/113,42/98,42/106,10,Elite
CHRYSLER Pacifica Hybrid,3.6,6,CVT,2WD,Gasoline/Electricity,CA,L3SULEV30,California LEV-III SULEV30,KCRXT03.65P6,minivan,7,29/87,30/76,30/82,10,Elite
CHRYSLER Pacifica Hybrid,3.6,6,CVT,2WD,Gasoline/Electricity,FA,T3B30,Federal Tier 3 Bin 30,KCRXT03.65P6,minivan,7,29/87,30/76,30/82,10,Elite
FIAT 124 Spider,1.4,4,Man-6,2WD,Gasoline,CA,L3ULEV125,California LEV-III ULEV125,KCRXJ01.45P0,small car,3,26,35,30,7,Yes
FIAT 124 Spider,1.4,4,Man-6,2WD,Gasoline,FA,T3B125,Federal Tier 3 Bin 125,KCRXJ01.45P0,small car,3,26,35,30,7,Yes
FIAT 500,1.4,4,Man-5,2WD,Gasoline,CA,L3ULEV125,California LEV-III ULEV125,KCRXJ01.45P0,small car,3,28,33,30,7,Yes
FIAT 500,1.4,4,Man-5,2WD,Gasoline,FA,T3B125,Federal Tier 3 Bin 125,KCRXJ01.45P0,small car,3,28,33,30,7,Yes
FIAT 500 Abarth,1.4,4,Man-5,2WD,Gasoline,CA,L3ULEV125,California LEV-III ULEV125,KCRXJ01.45P0,small car,3,28,33,30,7,Yes
FIAT 500 Abarth,1.4,4,Man-5,2WD,Gasoline,FA,T3B125,Federal Tier 3 Bin 125,KCRXJ01.45P0,small car,3,28,33,30,7,Yes
FIAT 500e,N/A,N/A,Auto-1,2WD,Electricity,FA,T3B0,Federal Tier 3 Bin 0,KCRXV00.05PR,small car,10,121,103,112,10,Elite
FIAT 500e,N/A,N/A,Auto-1,2WD,Electricity,CA,ZEV,California ZEV,KCRXV00.05PR,small car,10,121,103,112,10,Elite
FORD Fiesta,1.6,4,AMS-6,2WD,Gasoline,CA,T3B110,Federal Tier 3 Transitional Bin 110,KFMXV01.6VDC,small car,3,27,37,31,7,Yes
FORD Fiesta,1.6,4,AMS-6,2WD,Gasoline,FA,T3B110,Federal Tier 3 Transitional Bin 110,KFMXV01.6VDC,small car,3,27,37,31,7,Yes
FORD Fiesta,1.6,4,Man-5,2WD,Gasoline,CA,T3B110,Federal Tier 3 Transitional Bin 110,KFMXV01.6VDC,small car,3,27,35,30,7,Yes
FORD Fiesta,1.6,4,Man-5,2WD,Gasoline,FA,T3B110,Federal Tier 3 Transitional Bin 110,KFMXV01.6VDC,small car,3,27,35,30,7,Yes
FORD Fusion Energi Plug-in Hybrid,2,4,CVT,2WD,Gasoline/Electricity,CA,L3SULEV30,California LEV-III SULEV30,KFMXV02.0VZQ,midsize car,7,43/109,40/97,42/103,10,Elite
FORD Fusion Energi Plug-in Hybrid,2,4,CVT,2WD,Gasoline/Electricity,FA,T3B30,Federal Tier 3 Bin 30,KFMXV02.0VZQ,midsize car,7,43/109,40/97,42/103,10,Elite
FORD Fusion Hybrid,2,4,CVT,2WD,Gasoline,CA,L3SULEV30,California LEV-III SULEV30,KFMXV02.0VZT,midsize car,7,43,41,42,9,Yes
FORD Fusion Hybrid,2,4,CVT,2WD,Gasoline,FA,T3B30,Federal Tier 3 Bin 30,KFMXV02.0VZT,midsize car,7,43,41,42,9,Yes
FORD Fusion Hybrid Taxi,2,4,CVT,2WD,Gasoline,CA,L3SULEV30,California LEV-III SULEV30,KFMXV02.0VZT,midsize car,7,43,40,41,9,Yes
FORD Fusion Hybrid Taxi,2,4,CVT,2WD,Gasoline,FA,T3B30,Federal Tier 3 Bin 30,KFMXV02.0VZT,midsize car,7,43,40,41,9,Yes
HONDA Accord,1.5,4,CVT,2WD,Gasoline,CA,L3SULEV30,California LEV-III SULEV30,KHNXV01.53L2,large car,7,30,38,33,8,Yes
HONDA Accord,1.5,4,CVT,2WD,Gasoline,FA,T3B30,Federal Tier 3 Bin 30,KHNXV01.53L2,large car,7,30,38,33,8,Yes
HONDA Accord,1.5,4,Man-6,2WD,Gasoline,CA,L3ULEV50,California LEV-III ULEV50,KHNXV01.54K2,large car,6,26,35,30,7,Yes
HONDA Accord,1.5,4,Man-6,2WD,Gasoline,FA,T3B50,Federal Tier 3 Bin 50,KHNXV01.54K2,large car,6,26,35,30,7,Yes
HONDA Accord,1.5,4,SCV-7,2WD,Gasoline,CA,L3SULEV30,California LEV-III SULEV30,KHNXV01.53L2,large car,7,29,35,31,7,Yes
HONDA Accord,1.5,4,SCV-7,2WD,Gasoline,FA,T3B30,Federal Tier 3 Bin 30,KHNXV01.53L2,large car,7,29,35,31,7,Yes
HONDA Accord,2,4,CVT,2WD,Gasoline,CA,L3SULEV30,California LEV-III SULEV30,KHNXV02.0BL2,large car,7,48,48,48,10,Elite
HONDA Accord,2,4,CVT,2WD,Gasoline,FA,T3B30,Federal Tier 3 Bin 30,KHNXV02.0BL2,large car,7,48,48,48,10,Elite
HONDA CR-V,1.5,4,CVT,2WD,Gasoline,CA,L3ULEV70,California LEV-III ULEV70,KHNXT01.5YS3,small SUV,5,28,34,30,7,Yes
HONDA CR-V,1.5,4,CVT,2WD,Gasoline,FA,T3B70,Federal Tier 3 Bin 70,KHNXT01.5YS3,small SUV,5,28,34,30,7,Yes
HONDA Civic 2Dr,1.5,4,CVT,2WD,Gasoline,CA,L3SULEV30,California LEV-III SULEV30,KHNXV01.52L2,small car,7,31,40,35,8,Yes
HONDA Civic 2Dr,1.5,4,CVT,2WD,Gasoline,FA,T3B30,Federal Tier 3 Bin 30,KHNXV01.52L2,small car,7,31,40,35,8,Yes
HONDA Civic 2Dr,1.5,4,CVT,2WD,Gasoline,CA,L3ULEV125,California LEV-III ULEV125,KHNXV01.5GH2,small car,3,31,40,35,8,Yes
HONDA Civic 2Dr,1.5,4,CVT,2WD,Gasoline,FA,T3B125,Federal Tier 3 Bin 125,KHNXV01.5GH2,small car,3,31,40,35,8,Yes
HONDA Civic 2Dr,1.5,4,Man-6,2WD,Gasoline,CA,L3ULEV125,California LEV-III ULEV125,KHNXV01.5TH3,small car,3,28,38,32,7,Yes
HONDA Civic 2Dr,1.5,4,Man-6,2WD,Gasoline,FA,T3B125,Federal Tier 3 Bin 125,KHNXV01.5TH3,small car,3,28,38,32,7,Yes
HONDA Civic 2Dr,1.5,4,SCV-7,2WD,Gasoline,CA,L3SULEV30,California LEV-III SULEV30,KHNXV01.52L2,small car,7,30,37,33,8,Yes
HONDA Civic 2Dr,1.5,4,SCV-7,2WD,Gasoline,FA,T3B30,Federal Tier 3 Bin 30,KHNXV01.52L2,small car,7,30,37,33,8,Yes
HONDA Civic 2Dr,1.5,4,SCV-7,2WD,Gasoline,CA,L3ULEV125,California LEV-III ULEV125,KHNXV01.5GH2,small car,3,30,37,33,8,Yes
HONDA Civic 2Dr,1.5,4,SCV-7,2WD,Gasoline,FA,T3B125,Federal Tier 3 Bin 125,KHNXV01.5GH2,small car,3,30,37,33,8,Yes
HONDA Civic 2Dr,2,4,CVT,2WD,Gasoline,CA,L3SULEV30,California LEV-III SULEV30,KHNXV02.0CL3,small car,7,30,38,33,8,Yes
HONDA Civic 2Dr,2,4,CVT,2WD,Gasoline,FA,T3B30,Federal Tier 3 Bin 30,KHNXV02.0CL3,small car,7,30,38,33,8,Yes
HONDA Civic 2Dr,2,4,CVT,2WD,Gasoline,CA,L3ULEV125,California LEV-III ULEV125,KHNXV02.0DH3,small car,3,30,38,33,8,Yes
HONDA Civic 2Dr,2,4,CVT,2WD,Gasoline,FA,T3B125,Federal Tier 3 Bin 125,KHNXV02.0DH3,small car,3,30,38,33,8,Yes
HONDA Civic 2Dr,2,4,SCV-7,2WD,Gasoline,CA,L3SULEV30,California LEV-III SULEV30,KHNXV02.0CL3,small car,7,29,36,32,7,Yes
HONDA Civic 2Dr,2,4,SCV-7,2WD,Gasoline,FA,T3B30,Federal Tier 3 Bin 30,KHNXV02.0CL3,small car,7,29,36,32,7,Yes
HONDA Civic 2Dr,2,4,SCV-7,2WD,Gasoline,CA,L3ULEV125,California LEV-III ULEV125,KHNXV02.0DH3,small car,3,29,36,32,7,Yes
HONDA Civic 2Dr,2,4,SCV-7,2WD,Gasoline,FA,T3B125,Federal Tier 3 Bin 125,KHNXV02.0DH3,small car,3,29,36,32,7,Yes
HONDA Civic 4Dr,1.5,4,CVT,2WD,Gasoline,CA,L3SULEV30,California LEV-III SULEV30,KHNXV01.52L2,midsize car,7,32,42,36,8,Yes
HONDA Civic 4Dr,1.5,4,CVT,2WD,Gasoline,FA,T3B30,Federal Tier 3 Bin 30,KHNXV01.52L2,midsize car,7,32,42,36,8,Yes
HONDA Civic 4Dr,1.5,4,CVT,2WD,Gasoline,CA,L3ULEV125,California LEV-III ULEV125,KHNXV01.5GH2,midsize car,3,32,42,36,8,Yes
HONDA Civic 4Dr,1.5,4,CVT,2WD,Gasoline,FA,T3B125,Federal Tier 3 Bin 125,KHNXV01.5GH2,midsize car,3,32,42,36,8,Yes
HONDA Civic 4Dr,1.5,4,Man-6,2WD,Gasoline,CA,L3ULEV125,California LEV-III ULEV125,KHNXV01.5TH3,midsize car,3,28,38,32,7,Yes
HONDA Civic 4Dr,1.5,4,Man-6,2WD,Gasoline,FA,T3B125,Federal Tier 3 Bin 125,KHNXV01.5TH3,midsize car,3,28,38,32,7,Yes
HONDA Civic 4Dr,1.5,4,SCV-7,2WD,Gasoline,CA,L3SULEV30,California LEV-III SULEV30,KHNXV01.52L2,midsize car,7,30,38,33,8,Yes
HONDA Civic 4Dr,1.5,4,SCV-7,2WD,Gasoline,FA,T3B30,Federal Tier 3 Bin 30,KHNXV01.52L2,midsize car,7,30,38,33,8,Yes
HONDA Civic 4Dr,1.5,4,SCV-7,2WD,Gasoline,CA,L3ULEV125,California LEV-III ULEV125,KHNXV01.5GH2,midsize car,3,30,38,33,8,Yes
HONDA Civic 4Dr,1.5,4,SCV-7,2WD,Gasoline,FA,T3B125,Federal Tier 3 Bin 125,KHNXV01.5GH2,midsize car,3,30,38,33,8,Yes
HONDA Civic 4Dr,2,4,CVT,2WD,Gasoline,CA,L3SULEV30,California LEV-III SULEV30,KHNXV02.0CL3,midsize car,7,30,38,33,8,Yes
HONDA Civic 4Dr,2,4,CVT,2WD,Gasoline,FA,T3B30,Federal Tier 3 Bin 30,KHNXV02.0CL3,midsize car,7,30,38,33,8,Yes
HONDA Civic 4Dr,2,4,CVT,2WD,Gasoline,CA,L3ULEV125,California LEV-III ULEV125,KHNXV02.0DH3,midsize car,3,30,38,33,8,Yes
HONDA Civic 4Dr,2,4,CVT,2WD,Gasoline,FA,T3B125,Federal Tier 3 Bin 125,KHNXV02.0DH3,midsize car,3,30,38,33,8,Yes
HONDA Civic 4Dr,2,4,SCV-7,2WD,Gasoline,CA,L3SULEV30,California LEV-III SULEV30,KHNXV02.0CL3,midsize car,7,29,37,32,7,Yes
HONDA Civic 4Dr,2,4,SCV-7,2WD,Gasoline,FA,T3B30,Federal Tier 3 Bin 30,KHNXV02.0CL3,midsize car,7,29,37,32,7,Yes
HONDA Civic 4Dr,2,4,SCV-7,2WD,Gasoline,CA,L3ULEV125,California LEV-III ULEV125,KHNXV02.0DH3,midsize car,3,29,37,32,7,Yes
HONDA Civic 4Dr,2,4,SCV-7,2WD,Gasoline,FA,T3B125,Federal Tier 3 Bin 125,KHNXV02.0DH3,midsize car,3,29,37,32,7,Yes
HONDA Civic 5Dr,1.5,4,CVT,2WD,Gasoline,CA,L3SULEV30,California LEV-III SULEV30,KHNXV01.55L2,large car,7,31,40,34,8,Yes
HONDA Civic 5Dr,1.5,4,CVT,2WD,Gasoline,FA,T3B30,Federal Tier 3 Bin 30,KHNXV01.55L2,large car,7,31,40,34,8,Yes
HONDA Civic 5Dr,1.5,4,CVT,2WD,Gasoline,CA,L3ULEV125,California LEV-III ULEV125,KHNXV01.5SH2,large car,3,31,40,34,8,Yes
HONDA Civic 5Dr,1.5,4,CVT,2WD,Gasoline,FA,T3B125,Federal Tier 3 Bin 125,KHNXV01.5SH2,large car,3,31,40,34,8,Yes
HONDA Civic 5Dr,1.5,4,Man-6,2WD,Gasoline,CA,L3ULEV125,California LEV-III ULEV125,KHNXV01.5SH2,large car,3,29,38,33,8,Yes
HONDA Civic 5Dr,1.5,4,Man-6,2WD,Gasoline,FA,T3B125,Federal Tier 3 Bin 125,KHNXV01.5SH2,large car,3,29,38,33,8,Yes
HONDA Civic 5Dr,1.5,4,SCV-7,2WD,Gasoline,CA,L3SULEV30,California LEV-III SULEV30,KHNXV01.55L2,large car,7,30,36,32,7,Yes
HONDA Civic 5Dr,1.5,4,SCV-7,2WD,Gasoline,FA,T3B30,Federal Tier 3 Bin 30,KHNXV01.55L2,large car,7,30,36,32,7,Yes
HONDA Civic 5Dr,1.5,4,SCV-7,2WD,Gasoline,CA,L3ULEV125,California LEV-III ULEV125,KHNXV01.5SH2,large car,3,30,36,32,7,Yes
HONDA Civic 5Dr,1.5,4,SCV-7,2WD,Gasoline,FA,T3B125,Federal Tier 3 Bin 125,KHNXV01.5SH2,large car,3,30,36,32,7,Yes
HONDA Clarity,1.5,4,CVT,2WD,Gasoline/Electricity,CA,L3SULEV20,California LEV-III SULEV20,KHNXV01.5D92,midsize car,8,44/117,40/102,42/110,10,Elite
HONDA Clarity,1.5,4,CVT,2WD,Gasoline/Electricity,FA,T3B20,Federal Tier 3 Bin 20,KHNXV01.5D92,midsize car,8,44/117,40/102,42/110,10,Elite
HONDA Clarity,N/A,N/A,Auto-1,2WD,Electricity,FA,T3B0,Federal Tier 3 Bin 0,KHNXV00.0BE9,midsize car,10,126,103,114,10,Elite
HONDA Clarity,N/A,N/A,Auto-1,2WD,Electricity,CA,ZEV,California ZEV,KHNXV00.0BE9,midsize car,10,126,103,114,10,Elite
HONDA Clarity,N/A,N/A,Auto-1,2WD,Hydrogen,FA,T3B0,Federal Tier 3 Bin 0,KHNXV00.0AE9,midsize car,10,68,67,68,10,Elite
HONDA Clarity,N/A,N/A,Auto-1,2WD,Hydrogen,CA,ZEV,California ZEV,KHNXV00.0AE9,midsize car,10,68,67,68,10,Elite
HONDA Fit,1.5,4,CVT,2WD,Gasoline,CA,L3SULEV30,California LEV-III SULEV30,KHNXV01.5XL2,station wagon,7,33,40,36,8,Yes
HONDA Fit,1.5,4,CVT,2WD,Gasoline,FA,T3B30,Federal Tier 3 Bin 30,KHNXV01.5XL2,station wagon,7,33,40,36,8,Yes
HONDA Fit,1.5,4,Man-6,2WD,Gasoline,CA,L3ULEV125,California LEV-III ULEV125,KHNXV01.5FH2,station wagon,3,29,36,31,7,Yes
HONDA Fit,1.5,4,Man-6,2WD,Gasoline,CA,T3B125,Federal Tier 3 Bin 125,KHNXV01.5FH2,station wagon,3,29,36,31,7,Yes
HONDA Fit,1.5,4,Man-6,2WD,Gasoline,FA,T3B125,Federal Tier 3 Bin 125,KHNXV01.5FH2,station wagon,3,29,36,31,7,Yes
HONDA Fit,1.5,4,SCV-7,2WD,Gasoline,CA,L3SULEV30,California LEV-III SULEV30,KHNXV01.5XL2,station wagon,7,31,36,33,8,Yes
HONDA Fit,1.5,4,SCV-7,2WD,Gasoline,FA,T3B30,Federal Tier 3 Bin 30,KHNXV01.5XL2,station wagon,7,31,36,33,8,Yes
HONDA HR-V,1.8,4,CVT,2WD,Gasoline,CA,L3ULEV70,California LEV-III ULEV70,KHNXV01.8EJ3,station wagon,5,28,34,30,7,Yes
HONDA HR-V,1.8,4,CVT,2WD,Gasoline,FA,T3B70,Federal Tier 3 Bin 70,KHNXV01.8EJ3,station wagon,5,28,34,30,7,Yes
HONDA HR-V,1.8,4,SCV-7,2WD,Gasoline,CA,L3ULEV70,California LEV-III ULEV70,KHNXV01.8EJ3,station wagon,5,28,34,30,7,Yes
HONDA HR-V,1.8,4,SCV-7,2WD,Gasoline,FA,T3B70,Federal Tier 3 Bin 70,KHNXV01.8EJ3,station wagon,5,28,34,30,7,Yes
HONDA Insight,1.5,4,CVT,2WD,Gasoline,CA,L3SULEV30,California LEV-III SULEV30,KHNXV01.5CL2,midsize car,7,55,49,52,10,Elite
HONDA Insight,1.5,4,CVT,2WD,Gasoline,FA,T3B30,Federal Tier 3 Bin 30,KHNXV01.5CL2,midsize car,7,55,49,52,10,Elite
HONDA Insight Touring,1.5,4,CVT,2WD,Gasoline,CA,L3SULEV30,California LEV-III SULEV30,KHNXV01.5CL2,midsize car,7,51,45,48,10,Elite
HONDA Insight Touring,1.5,4,CVT,2WD,Gasoline,FA,T3B30,Federal Tier 3 Bin 30,KHNXV01.5CL2,midsize car,7,51,45,48,10,Elite
HYUNDAI Accent,1.6,4,Man-6,2WD,Gasoline,CA,L3ULEV125,California LEV-III ULEV125,KHYXV01.6AA6,small car,3,28,37,31,7,Yes
HYUNDAI Accent,1.6,4,Man-6,2WD,Gasoline,FA,T3B125,Federal Tier 3 Bin 125,KHYXV01.6AA6,small car,3,28,37,31,7,Yes
HYUNDAI Accent,1.6,4,SemiAuto-6,2WD,Gasoline,CA,L3ULEV125,California LEV-III ULEV125,KHYXV01.6AA6,small car,3,28,38,32,7,Yes
HYUNDAI Accent,1.6,4,SemiAuto-6,2WD,Gasoline,FA,T3B125,Federal Tier 3 Bin 125,KHYXV01.6AA6,small car,3,28,38,32,7,Yes
HYUNDAI Elantra,1.4,4,AutoMan-7,2WD,Gasoline,CA,L3ULEV125,California LEV-III ULEV125,KHYXV01.4CD6,midsize car,3,32,40,35,8,Yes
HYUNDAI Elantra,1.4,4,AutoMan-7,2WD,Gasoline,FA,T3B125,Federal Tier 3 Bin 125,KHYXV01.4CD6,midsize car,3,32,40,35,8,Yes
HYUNDAI Elantra,2,4,SemiAuto-6,2WD,Gasoline,CA,L3SULEV30,California LEV-III SULEV30,KHYXV02.0CE3,midsize car,7,28,37,32,7,Yes
HYUNDAI Elantra,2,4,SemiAuto-6,2WD,Gasoline,FA,T3B30,Federal Tier 3 Bin 30,KHYXV02.0CE3,midsize car,7,28,37,32,7,Yes
HYUNDAI Elantra,2,4,SemiAuto-6,2WD,Gasoline,CA,L3ULEV70,California LEV-III ULEV70,KHYXV02.0CE5,midsize car,5,28,37,32,7,Yes
HYUNDAI Elantra,2,4,SemiAuto-6,2WD,Gasoline,FA,T3B70,Federal Tier 3 Bin 70,KHYXV02.0CE5,midsize car,5,28,37,32,7,Yes
HYUNDAI Elantra SE,2,4,SemiAuto-6,2WD,Gasoline,CA,L3SULEV30,California LEV-III SULEV30,KHYXV02.0CE3,midsize car,7,29,38,33,8,Yes
HYUNDAI Elantra SE,2,4,SemiAuto-6,2WD,Gasoline,FA,T3B30,Federal Tier 3 Bin 30,KHYXV02.0CE3,midsize car,7,29,38,33,8,Yes
HYUNDAI Elantra SE,2,4,SemiAuto-6,2WD,Gasoline,CA,L3ULEV70,California LEV-III ULEV70,KHYXV02.0CE5,midsize car,5,29,38,33,8,Yes
HYUNDAI Elantra SE,2,4,SemiAuto-6,2WD,Gasoline,FA,T3B70,Federal Tier 3 Bin 70,KHYXV02.0CE5,midsize car,5,29,38,33,8,Yes
HYUNDAI Ioniq,1.6,4,AutoMan-6,2WD,Gasoline,CA,L3SULEV30,California LEV-III SULEV30,KKMXV01.6L13,large car,7,55,54,55,10,Elite
HYUNDAI Ioniq,1.6,4,AutoMan-6,2WD,Gasoline,FA,T3B30,Federal Tier 3 Bin 30,KKMXV01.6L13,large car,7,55,54,55,10,Elite
HYUNDAI Ioniq Blue,1.6,4,AutoMan-6,2WD,Gasoline,CA,L3SULEV30,California LEV-III SULEV30,KKMXV01.6L13,large car,7,57,59,58,10,Elite
HYUNDAI Ioniq Blue,1.6,4,AutoMan-6,2WD,Gasoline,FA,T3B30,Federal Tier 3 Bin 30,KKMXV01.6L13,large car,7,57,59,58,10,Elite
HYUNDAI Ioniq Electric,N/A,N/A,Auto-1,2WD,Electricity,FA,T3B0,Federal Tier 3 Bin 0,KHYXV00.0P31,midsize car,10,150,122,136,10,Elite
HYUNDAI Ioniq Electric,N/A,N/A,Auto-1,2WD,Electricity,CA,ZEV,California ZEV,KHYXV00.0P31,midsize car,10,150,122,136,10,Elite
HYUNDAI Ioniq Plug-in Hybrid,1.6,4,AutoMan-6,2WD,Gasoline/Electricity,CA,L3SULEV30,California LEV-III SULEV30,KHYXV01.6P2T,midsize car,7,53/123,52/114,52/119,10,Elite
HYUNDAI Ioniq Plug-in Hybrid,1.6,4,AutoMan-6,2WD,Gasoline/Electricity,FA,T3B30,Federal Tier 3 Bin 30,KHYXV01.6P2T,midsize car,7,53/123,52/114,52/119,10,Elite
HYUNDAI Kona,1.6,4,AutoMan-7,2WD,Gasoline,CA,L3ULEV70,California LEV-III ULEV70,KHYXV01.6KC5,small SUV,5,28,32,30,7,Yes
HYUNDAI Kona,1.6,4,AutoMan-7,2WD,Gasoline,FA,T3B70,Federal Tier 3 Bin 70,KHYXV01.6KC5,small SUV,5,28,32,30,7,Yes
HYUNDAI Kona,2,4,SemiAuto-6,2WD,Gasoline,CA,L3ULEV70,California LEV-III ULEV70,KHYXV02.0KE5,small SUV,5,27,33,30,7,Yes
HYUNDAI Kona,2,4,SemiAuto-6,2WD,Gasoline,FA,T3B70,Federal Tier 3 Bin 70,KHYXV02.0KE5,small SUV,5,27,33,30,7,Yes
HYUNDAI Kona Electric,N/A,N/A,Auto-1,2WD,Electricity,FA,T3B0,Federal Tier 3 Bin 0,KHYXV00.0K31,small SUV,10,132,108,120,10,Elite
HYUNDAI Kona Electric,N/A,N/A,Auto-1,2WD,Electricity,CA,ZEV,California ZEV,KHYXV00.0K31,small SUV,10,132,108,120,10,Elite
HYUNDAI NEXO,N/A,N/A,Auto-1,2WD,Hydrogen,FA,T3B0,Federal Tier 3 Bin 0,KHYXV00.0R41,small SUV,10,59,54,57,10,Elite
HYUNDAI NEXO,N/A,N/A,Auto-1,2WD,Hydrogen,CA,ZEV,California ZEV,KHYXV00.0R41,small SUV,10,59,54,57,10,Elite
HYUNDAI NEXO Blue,N/A,N/A,Auto-1,2WD,Hydrogen,FA,T3B0,Federal Tier 3 Bin 0,KHYXV00.0R41,small SUV,10,65,58,61,10,Elite
HYUNDAI NEXO Blue,N/A,N/A,Auto-1,2WD,Hydrogen,CA,ZEV,California ZEV,KHYXV00.0R41,small SUV,10,65,58,61,10,Elite
HYUNDAI Sonata,1.6,4,AutoMan-7,2WD,Gasoline,CA,L3ULEV70,California LEV-III ULEV70,KHYXV01.6EC5,large car,5,28,37,31,7,Yes
HYUNDAI Sonata,1.6,4,AutoMan-7,2WD,Gasoline,FA,T3B70,Federal Tier 3 Bin 70,KHYXV01.6EC5,large car,5,28,37,31,7,Yes
HYUNDAI Sonata Hybrid,2,4,AutoMan-6,2WD,Gasoline,CA,L3SULEV30,California LEV-III SULEV30,KHYXV02.0E13,midsize car,7,39,44,41,9,Yes
HYUNDAI Sonata Hybrid,2,4,AutoMan-6,2WD,Gasoline,FA,T3B30,Federal Tier 3 Bin 30,KHYXV02.0E13,midsize car,7,39,44,41,9,Yes
HYUNDAI Sonata Hybrid SE,2,4,AutoMan-6,2WD,Gasoline,CA,L3SULEV30,California LEV-III SULEV30,KHYXV02.0E13,midsize car,7,40,46,42,9,Yes
HYUNDAI Sonata Hybrid SE,2,4,AutoMan-6,2WD,Gasoline,FA,T3B30,Federal Tier 3 Bin 30,KHYXV02.0E13,midsize car,7,40,46,42,9,Yes
HYUNDAI Sonata plug-in hybrid,2,4,AutoMan-6,2WD,Gasoline/Electricity,CA,L3SULEV30,California LEV-III SULEV30,KHYXV02.0E2T,midsize car,7,37/99,42/100,39/99,10,Elite
HYUNDAI Sonata plug-in hybrid,2,4,AutoMan-6,2WD,Gasoline/Electricity,FA,T3B30,Federal Tier 3 Bin 30,KHYXV02.0E2T,midsize car,7,37/99,42/100,39/99,10,Elite
HYUNDAI Veloster,1.6,4,AutoMan-7,2WD,Gasoline,CA,L3ULEV70,California LEV-III ULEV70,KHYXV01.6BC5,small car,5,28,34,30,7,Yes
HYUNDAI Veloster,1.6,4,AutoMan-7,2WD,Gasoline,FA,T3B70,Federal Tier 3 Bin 70,KHYXV01.6BC5,small car,5,28,34,30,7,Yes
HYUNDAI Veloster,2,4,SemiAuto-6,2WD,Gasoline,CA,L3ULEV70,California LEV-III ULEV70,KHYXV02.0BE5,small car,5,27,34,30,7,Yes
HYUNDAI Veloster,2,4,SemiAuto-6,2WD,Gasoline,FA,T3B70,Federal Tier 3 Bin 70,KHYXV02.0BE5,small car,5,27,34,30,7,Yes
JAGUAR I-PACE,N/A,N/A,Auto-1,4WD,Electricity,FA,T3B0,Federal Tier 3 Bin 0,KJLXT00.0TZA,small SUV,10,80,72,76,10,Elite
KIA Forte,2,4,CVT,2WD,Gasoline,CA,L3SULEV30,California LEV-III SULEV30,KKMXV02.0CE3,midsize car,7,30,40,34,8,Yes
KIA Forte,2,4,CVT,2WD,Gasoline,FA,T3B30,Federal Tier 3 Bin 30,KKMXV02.0CE3,midsize car,7,30,40,34,8,Yes
KIA Forte,2,4,CVT,2WD,Gasoline,CA,L3ULEV70,California LEV-III ULEV70,KKMXV02.0CE5,midsize car,5,30,40,34,8,Yes
KIA Forte,2,4,CVT,2WD,Gasoline,FA,T3B70,Federal Tier 3 Bin 70,KKMXV02.0CE5,midsize car,5,30,40,34,8,Yes
KIA Forte,2,4,Man-6,2WD,Gasoline,CA,L3ULEV70,California LEV-III ULEV70,KKMXV02.0CE5,midsize car,5,27,37,31,7,Yes
KIA Forte,2,4,Man-6,2WD,Gasoline,FA,T3B70,Federal Tier 3 Bin 70,KKMXV02.0CE5,midsize car,5,27,37,31,7,Yes
KIA Forte FE,2,4,CVT,2WD,Gasoline,CA,L3ULEV70,California LEV-III ULEV70,KKMXV02.0CE5,midsize car,5,31,41,35,8,Yes
KIA Forte FE,2,4,CVT,2WD,Gasoline,FA,T3B70,Federal Tier 3 Bin 70,KKMXV02.0CE5,midsize car,5,31,41,35,8,Yes
KIA Niro,1.6,4,AutoMan-6,2WD,Gasoline,CA,L3SULEV30,California LEV-III SULEV30,KKMXV01.6L13,station wagon,7,51,46,49,10,Elite
KIA Niro,1.6,4,AutoMan-6,2WD,Gasoline,FA,T3B30,Federal Tier 3 Bin 30,KKMXV01.6L13,station wagon,7,51,46,49,10,Elite
KIA Niro Electric,N/A,N/A,Auto-1,2WD,Electricity,FA,T3B0,Federal Tier 3 Bin 0,KKMXV00.0L31,station wagon,10,123,102,112,10,Elite
KIA Niro Electric,N/A,N/A,Auto-1,2WD,Electricity,CA,ZEV,California ZEV,KKMXV00.0L31,station wagon,10,123,102,112,10,Elite
KIA Niro FE,1.6,4,AutoMan-6,2WD,Gasoline,CA,L3SULEV30,California LEV-III SULEV30,KKMXV01.6L13,station wagon,7,52,49,50,10,Elite
KIA Niro FE,1.6,4,AutoMan-6,2WD,Gasoline,FA,T3B30,Federal Tier 3 Bin 30,KKMXV01.6L13,station wagon,7,52,49,50,10,Elite
KIA Niro Plug-in Hybrid,1.6,4,AutoMan-6,2WD,Gasoline/Electricity,CA,L3SULEV30,California LEV-III SULEV30,KKMXV01.6L2T,station wagon,7,48/110,44/99,46/105,10,Elite
KIA Niro Plug-in Hybrid,1.6,4,AutoMan-6,2WD,Gasoline/Electricity,FA,T3B30,Federal Tier 3 Bin 30,KKMXV01.6L2T,station wagon,7,48/110,44/99,46/105,10,Elite
KIA Niro Touring,1.6,4,AutoMan-6,2WD,Gasoline,CA,L3SULEV30,California LEV-III SULEV30,KKMXV01.6L13,station wagon,7,46,40,43,9,Yes
KIA Niro Touring,1.6,4,AutoMan-6,2WD,Gasoline,FA,T3B30,Federal Tier 3 Bin 30,KKMXV01.6L13,station wagon,7,46,40,43,9,Yes
KIA Optima,1.6,4,AutoMan-7,2WD,Gasoline,CA,L3ULEV70,California LEV-III ULEV70,KKMXV01.6DC5,large car,5,27,37,31,7,Yes
KIA Optima,1.6,4,AutoMan-7,2WD,Gasoline,FA,T3B70,Federal Tier 3 Bin 70,KKMXV01.6DC5,large car,5,27,37,31,7,Yes
KIA Optima Hybrid,2,4,AutoMan-6,2WD,Gasoline,CA,L3ULEV125,California LEV-III ULEV125,KKMXV02.0D16,midsize car,3,39,45,41,9,Yes
KIA Optima Hybrid,2,4,AutoMan-6,2WD,Gasoline,FA,T3B125,Federal Tier 3 Bin 125,KKMXV02.0D16,midsize car,3,39,45,41,9,Yes
KIA Optima plug-in hybrid,2,4,AutoMan-6,2WD,Gasoline/Electricity,CA,L3SULEV30,California LEV-III SULEV30,KKMXV02.0D2T,midsize car,7,38/103,43/104,40/103,10,Elite
KIA Optima plug-in hybrid,2,4,AutoMan-6,2WD,Gasoline/Electricity,FA,T3B30,Federal Tier 3 Bin 30,KKMXV02.0D2T,midsize car,7,38/103,43/104,40/103,10,Elite
KIA Rio,1.6,4,Man-6,2WD,Gasoline,CA,L3ULEV125,California LEV-III ULEV125,KKMXV01.6AA6,small car,3,29,37,32,7,Yes
KIA Rio,1.6,4,Man-6,2WD,Gasoline,FA,T3B125,Federal Tier 3 Bin 125,KKMXV01.6AA6,small car,3,29,37,32,7,Yes
KIA Rio,1.6,4,SemiAuto-6,2WD,Gasoline,CA,L3ULEV125,California LEV-III ULEV125,KKMXV01.6AA6,small car,3,28,37,32,7,Yes
KIA Rio,1.6,4,SemiAuto-6,2WD,Gasoline,FA,T3B125,Federal Tier 3 Bin 125,KKMXV01.6AA6,small car,3,28,37,32,7,Yes
KIA Soul Electric,N/A,N/A,Auto-1,2WD,Electricity,FA,T3B0,Federal Tier 3 Bin 0,KKMXV00.0B31,station wagon,10,124,93,108,10,Elite
KIA Soul Electric,N/A,N/A,Auto-1,2WD,Electricity,CA,ZEV,California ZEV,KKMXV00.0B31,station wagon,10,124,93,108,10,Elite
LEXUS ES 300h,2.5,4,SCV-6,2WD,Gasoline,CA,L3SULEV30,California LEV-III SULEV30,KTYXV02.5P33,midsize car,7,43,45,44,10,Elite
LEXUS ES 300h,2.5,4,SCV-6,2WD,Gasoline,FA,T3B30,Federal Tier 3 Bin 30,KTYXV02.5P33,midsize car,7,43,45,44,10,Elite
LEXUS LC 500h,3.5,6,SCV-10,2WD,Gasoline,CA,L3SULEV30,California LEV-III SULEV30,KTYXV03.5P35,small car,7,27,35,30,7,Yes
LEXUS LC 500h,3.5,6,SCV-10,2WD,Gasoline,FA,T3B30,Federal Tier 3 Bin 30,KTYXV03.5P35,small car,7,27,35,30,7,Yes
LEXUS NX 300h,2.5,4,SCV-6,4WD,Gasoline,CA,L3SULEV30,California LEV-III SULEV30,KTYXT02.5P3M,small SUV,7,33,30,31,7,Yes
LEXUS NX 300h,2.5,4,SCV-6,4WD,Gasoline,FA,T3B30,Federal Tier 3 Bin 30,KTYXT02.5P3M,small SUV,7,33,30,31,7,Yes
LEXUS RX 450h,3.5,6,SCV-6,4WD,Gasoline,CA,L3SULEV30,California LEV-III SULEV30,KTYXT03.5P34,standard SUV,7,31,28,30,7,Yes
LEXUS RX 450h,3.5,6,SCV-6,4WD,Gasoline,FA,T3B30,Federal Tier 3 Bin 30,KTYXT03.5P34,standard SUV,7,31,28,30,7,Yes
LEXUS UX 200,2,4,SCV-10,2WD,Gasoline,CA,L3ULEV50,California LEV-III ULEV50,KTYXV02.0N4A,midsize car,6,29,37,33,8,Yes
LEXUS UX 200,2,4,SCV-10,2WD,Gasoline,FA,T3B50,Federal Tier 3 Bin 50,KTYXV02.0N4A,midsize car,6,29,37,33,8,Yes
LEXUS UX 250h,2,4,SCV-6,2WD,Gasoline,CA,L3ULEV50,California LEV-III ULEV50,KTYXV02.0N4C,small car,6,43,41,42,9,Yes
LEXUS UX 250h,2,4,SCV-6,2WD,Gasoline,FA,T3B50,Federal Tier 3 Bin 50,KTYXV02.0N4C,small car,6,43,41,42,9,Yes
LEXUS UX 250h,2,4,SCV-6,4WD,Gasoline,CA,L3ULEV50,California LEV-III ULEV50,KTYXV02.0N4C,small car,6,41,38,39,9,Yes
LEXUS UX 250h,2,4,SCV-6,4WD,Gasoline,FA,T3B50,Federal Tier 3 Bin 50,KTYXV02.0N4C,small car,6,41,38,39,9,Yes
LINCOLN MKZ Hybrid,2,4,CVT,2WD,Gasoline,CA,L3SULEV30,California LEV-III SULEV30,KFMXV02.0VZT,midsize car,7,42,39,41,9,Yes
LINCOLN MKZ Hybrid,2,4,CVT,2WD,Gasoline,FA,T3B30,Federal Tier 3 Bin 30,KFMXV02.0VZT,midsize car,7,42,39,41,9,Yes
MAZDA 2,1.5,4,Man-6,2WD,Gasoline,CA,L2ULEV125,California LEV-II ULEV125,KTKXV01.5FBA,small car,3,30,39,34,8,Yes
MAZDA 2,1.5,4,Man-6,2WD,Gasoline,FA,T3B125,Federal Tier 3 Bin 125,KTKXV01.5FBA,small car,3,30,39,34,8,Yes
MAZDA 2,1.5,4,SemiAuto-6,2WD,Gasoline,CA,L2ULEV125,California LEV-II ULEV125,KTKXV01.5FBA,small car,3,32,40,35,8,Yes
MAZDA 2,1.5,4,SemiAuto-6,2WD,Gasoline,FA,T3B125,Federal Tier 3 Bin 125,KTKXV01.5FBA,small car,3,32,40,35,8,Yes
MAZDA CX-3,2,4,SemiAuto-6,2WD,Gasoline,FA,T3B125,Federal Tier 3 Bin 125,KTKXV02.0FNM,small car,3,29,34,31,7,Yes
MAZDA CX-3,2,4,SemiAuto-6,2WD,Gasoline,CA,L3SULEV30,California LEV-III SULEV30,KTKXV02.0ND1,small car,7,29,34,31,7,Yes
MAZDA MX-5,2,4,SemiAuto-6,2WD,Gasoline,CA,L3ULEV125,California LEV-III ULEV125,KTKXV02.0FFA,small car,3,26,35,30,7,Yes
MAZDA MX-5,2,4,SemiAuto-6,2WD,Gasoline,FA,T3B125,Federal Tier 3 Bin 125,KTKXV02.0FFA,small car,3,26,35,30,7,Yes
MAZDA Mazda3,2.5,4,SemiAuto-6,2WD,Gasoline,CA,L3SULEV30,California LEV-III SULEV30,KTKXV02.5CDA,midsize car,7,26,35,30,7,Yes
MAZDA Mazda3,2.5,4,SemiAuto-6,2WD,Gasoline,FA,T3B30,Federal Tier 3 Bin 30,KTKXV02.5CDA,midsize car,7,26,35,30,7,Yes
MAZDA Mazda3 ,2.5,4,SemiAuto-6,2WD,Gasoline,CA,L3SULEV30,California LEV-III SULEV30,KTKXV02.5CDA,small car,7,26,35,30,7,Yes
MAZDA Mazda3 ,2.5,4,SemiAuto-6,2WD,Gasoline,CA,L3SULEV30,California LEV-III SULEV30,KTKXV02.5CDA,small car,7,27,36,30,7,Yes
MAZDA Mazda3 ,2.5,4,SemiAuto-6,2WD,Gasoline,FA,T3B30,Federal Tier 3 Bin 30,KTKXV02.5CDA,small car,7,26,35,30,7,Yes
MAZDA Mazda3 ,2.5,4,SemiAuto-6,2WD,Gasoline,FA,T3B30,Federal Tier 3 Bin 30,KTKXV02.5CDA,small car,7,27,36,30,7,Yes
MERCEDES-BENZ GLC 350e 4Matic,2,4,Auto-7,4WD,Gasoline/Electricity,CA,L3SULEV30,California LEV-III SULEV30,KMBXT02.0HY1,small SUV,7,24/55,27/57,25/56,9,Yes
MERCEDES-BENZ GLC 350e 4Matic,2,4,Auto-7,4WD,Gasoline/Electricity,FA,T3B30,Federal Tier 3 Bin 30,KMBXT02.0HY1,small SUV,7,24/55,27/57,25/56,9,Yes
MINI Cooper Convertible,1.5,3,Man-6,2WD,Gasoline,CA,L3SULEV30,California LEV-III SULEV30,KBMXV01.5M36,small car,7,28,37,31,7,Yes
MINI Cooper Convertible,1.5,3,Man-6,2WD,Gasoline,FA,T3B30,Federal Tier 3 Bin 30,KBMXV01.5M36,small car,7,28,37,31,7,Yes
MINI Cooper Convertible,1.5,3,SemiAuto-6,2WD,Gasoline,CA,L3SULEV30,California LEV-III SULEV30,KBMXV01.5M36,small car,7,27,35,30,7,Yes
MINI Cooper Convertible,1.5,3,SemiAuto-6,2WD,Gasoline,FA,T3B30,Federal Tier 3 Bin 30,KBMXV01.5M36,small car,7,27,35,30,7,Yes
MINI Cooper Hardtop,1.5,3,Man-6,2WD,Gasoline,CA,L3SULEV30,California LEV-III SULEV30,KBMXV01.5M36,small car,7,28,37,31,7,Yes
MINI Cooper Hardtop,1.5,3,Man-6,2WD,Gasoline,CA,L3SULEV30,California LEV-III SULEV30,KBMXV01.5M36,small car,7,28,38,32,7,Yes
MINI Cooper Hardtop,1.5,3,Man-6,2WD,Gasoline,FA,T3B30,Federal Tier 3 Bin 30,KBMXV01.5M36,small car,7,28,37,31,7,Yes
MINI Cooper Hardtop,1.5,3,Man-6,2WD,Gasoline,FA,T3B30,Federal Tier 3 Bin 30,KBMXV01.5M36,small car,7,28,38,32,7,Yes
MINI Cooper Hardtop,1.5,3,SemiAuto-6,2WD,Gasoline,CA,L3SULEV30,California LEV-III SULEV30,KBMXV01.5M36,small car,7,27,35,30,7,Yes
MINI Cooper Hardtop,1.5,3,SemiAuto-6,2WD,Gasoline,FA,T3B30,Federal Tier 3 Bin 30,KBMXV01.5M36,small car,7,27,35,30,7,Yes
MINI Cooper SE Countryman All4,1.5,3,SemiAuto-6,4WD,Gasoline/Electricity,FA,T3B125,Federal Tier 3 Bin 125,KBMXV01.5H60,midsize car,3,28/63,27/66,27/65,9,Yes
MINI Cooper SE Countryman All4,1.5,3,SemiAuto-6,4WD,Gasoline/Electricity,CA,U2,California LEV-II ULEV,KBMXV01.5H60,midsize car,3,28/63,27/66,27/65,9,Yes
MITSUBISHI Mirage,1.2,3,CVT,2WD,Gasoline,CA,L3ULEV70,California LEV-III ULEV70,KMTXV01.2G5P,small car,5,36,43,39,9,Yes
MITSUBISHI Mirage,1.2,3,CVT,2WD,Gasoline,FA,T3B70,Federal Tier 3 Bin 70,KMTXV01.2G5P,small car,5,36,43,39,9,Yes
MITSUBISHI Mirage,1.2,3,Man-5,2WD,Gasoline,CA,L3ULEV70,California LEV-III ULEV70,KMTXV01.2G5P,small car,5,33,41,36,8,Yes
MITSUBISHI Mirage,1.2,3,Man-5,2WD,Gasoline,FA,T3B70,Federal Tier 3 Bin 70,KMTXV01.2G5P,small car,5,33,41,36,8,Yes
MITSUBISHI Mirage G4,1.2,3,CVT,2WD,Gasoline,CA,L3ULEV70,California LEV-III ULEV70,KMTXV01.2G5P,small car,5,35,41,37,8,Yes
MITSUBISHI Mirage G4,1.2,3,CVT,2WD,Gasoline,FA,T3B70,Federal Tier 3 Bin 70,KMTXV01.2G5P,small car,5,35,41,37,8,Yes
MITSUBISHI Mirage G4,1.2,3,Man-5,2WD,Gasoline,CA,L3ULEV70,California LEV-III ULEV70,KMTXV01.2G5P,small car,5,33,40,35,8,Yes
MITSUBISHI Mirage G4,1.2,3,Man-5,2WD,Gasoline,FA,T3B70,Federal Tier 3 Bin 70,KMTXV01.2G5P,small car,5,33,40,35,8,Yes
MITSUBISHI Outlander PHEV,2,4,Auto-1,4WD,Gasoline/Electricity,CA,L3SULEV30,California LEV-III SULEV30,KMTXT02.0H3M,small SUV,7,25/78,26/70,25/74,10,Elite
MITSUBISHI Outlander PHEV,2,4,Auto-1,4WD,Gasoline/Electricity,FA,T3B30,Federal Tier 3 Bin 30,KMTXT02.0H3M,small SUV,7,25/78,26/70,25/74,10,Elite
NISSAN Altima,2.5,4,CVT,2WD,Gasoline,CA,L3SULEV30,California LEV-III SULEV30,KNSXV02.5RPA,midsize car,7,28,39,32,7,Yes
NISSAN Altima,2.5,4,CVT,2WD,Gasoline,FA,T3B30,Federal Tier 3 Bin 30,KNSXV02.5RPA,midsize car,7,28,39,32,7,Yes
NISSAN Altima,2.5,4,CVT,4WD,Gasoline,CA,L3SULEV30,California LEV-III SULEV30,KNSXV02.5RPA,midsize car,7,26,36,30,7,Yes
NISSAN Altima,2.5,4,CVT,4WD,Gasoline,FA,T3B30,Federal Tier 3 Bin 30,KNSXV02.5RPA,midsize car,7,26,36,30,7,Yes
NISSAN Altima SR/Platinum,2.5,4,CVT,2WD,Gasoline,CA,L3SULEV30,California LEV-III SULEV30,KNSXV02.5RPA,midsize car,7,27,37,31,7,Yes
NISSAN Altima SR/Platinum,2.5,4,CVT,2WD,Gasoline,FA,T3B30,Federal Tier 3 Bin 30,KNSXV02.5RPA,midsize car,7,27,37,31,7,Yes
NISSAN Kicks,1.6,4,CVT,2WD,Gasoline,CA,L3SULEV30,California LEV-III SULEV30,KNSXV01.6RNA,midsize car,7,31,36,33,8,Yes
NISSAN Kicks,1.6,4,CVT,2WD,Gasoline,FA,T3B30,Federal Tier 3 Bin 30,KNSXV01.6RNA,midsize car,7,31,36,33,8,Yes
NISSAN Leaf,N/A,N/A,Auto-1,2WD,Electricity,FA,T3B0,Federal Tier 3 Bin 0,KNSXV0000TL2,midsize car,10,124,99,112,10,Elite
NISSAN Leaf,N/A,N/A,Auto-1,2WD,Electricity,CA,ZEV,California ZEV,KNSXV0000TL2,midsize car,10,124,99,112,10,Elite
NISSAN Leaf,N/A,N/A,Auto-1,2WD,Electricity,FA,T3B0,Federal Tier 3 Bin 0,KNSXV0000TS3,midsize car,10,118,97,108,10,Elite
NISSAN Leaf,N/A,N/A,Auto-1,2WD,Electricity,CA,ZEV,California ZEV,KNSXV0000TS3,midsize car,10,118,97,108,10,Elite
NISSAN Leaf SV/SL,N/A,N/A,Auto-1,2WD,Electricity,FA,T3B0,Federal Tier 3 Bin 0,KNSXV0000TS3,midsize car,10,114,94,104,10,Elite
NISSAN Leaf SV/SL,N/A,N/A,Auto-1,2WD,Electricity,CA,ZEV,California ZEV,KNSXV0000TS3,midsize car,10,114,94,104,10,Elite
NISSAN Rogue Hybrid,2,4,SCV-7,2WD,Gasoline,FA,T3B125,Federal Tier 3 Bin 125,KNSXT02.0NGA,small SUV,3,33,35,34,8,Yes
NISSAN Rogue Hybrid,2,4,SCV-7,2WD,Gasoline,CA,U2,California LEV-II ULEV,KNSXT02.0NGA,small SUV,3,33,35,34,8,Yes
NISSAN Rogue Hybrid,2,4,SCV-7,4WD,Gasoline,FA,T3B125,Federal Tier 3 Bin 125,KNSXT02.0NGA,small SUV,3,31,34,33,8,Yes
NISSAN Rogue Hybrid,2,4,SCV-7,4WD,Gasoline,CA,U2,California LEV-II ULEV,KNSXT02.0NGA,small SUV,3,31,34,33,8,Yes
NISSAN Sentra,1.8,4,CVT,2WD,Gasoline,CA,L3SULEV30,California LEV-III SULEV30,KNSXV01.8R1A,midsize car,7,29,37,32,7,Yes
NISSAN Sentra,1.8,4,CVT,2WD,Gasoline,FA,T3B30,Federal Tier 3 Bin 30,KNSXV01.8R1A,midsize car,7,29,37,32,7,Yes
NISSAN Versa,1.6,4,CVT,2WD,Gasoline,CA,L3ULEV125,California LEV-III ULEV125,KNSXV01.6N4A,small car,3,31,39,34,8,Yes
NISSAN Versa,1.6,4,CVT,2WD,Gasoline,FA,T3B125,Federal Tier 3 Bin 125,KNSXV01.6N4A,small car,3,31,39,34,8,Yes
NISSAN Versa,1.6,4,CVT,2WD,Gasoline,CA,L3ULEV70,California LEV-III ULEV70,KNSXV01.6P4A,small car,5,31,39,34,8,Yes
NISSAN Versa,1.6,4,CVT,2WD,Gasoline,FA,T3B70,Federal Tier 3 Bin 70,KNSXV01.6P4A,small car,5,31,39,34,8,Yes
NISSAN Versa,1.6,4,Man-5,2WD,Gasoline,CA,L3ULEV125,California LEV-III ULEV125,KNSXV01.6N4A,small car,3,27,36,30,7,Yes
NISSAN Versa,1.6,4,Man-5,2WD,Gasoline,FA,T3B125,Federal Tier 3 Bin 125,KNSXV01.6N4A,small car,3,27,36,30,7,Yes
PORSCHE Cayenne e-Hybrid,3,6,SemiAuto-8,4WD,Gasoline/Electricity,CA,L3ULEV125,California LEV-III ULEV125,KPRXT03.0CH6,standard SUV,3,21/46,23/46,22/46,8,Yes
PORSCHE Cayenne e-Hybrid,3,6,SemiAuto-8,4WD,Gasoline/Electricity,FA,T3B125,Federal Tier 3 Bin 125,KPRXT03.0CH6,standard SUV,3,21/46,23/46,22/46,8,Yes
PORSCHE Panamera 4 e-Hybrid,2.9,6,AMS-8,4WD,Gasoline/Electricity,CA,L3ULEV70,California LEV-III ULEV70,KPRXV02.9PH6,large car,5,21/48,24/54,23/51,8,Yes
PORSCHE Panamera 4 e-Hybrid,2.9,6,AMS-8,4WD,Gasoline/Electricity,FA,T3B70,Federal Tier 3 Bin 70,KPRXV02.9PH6,large car,5,21/48,24/54,23/51,8,Yes
PORSCHE Panamera 4 e-Hybrid Executive,2.9,6,AMS-8,4WD,Gasoline/Electricity,CA,L3ULEV70,California LEV-III ULEV70,KPRXV02.9PH6,large car,5,21/48,24/54,23/51,8,Yes
PORSCHE Panamera 4 e-Hybrid Executive,2.9,6,AMS-8,4WD,Gasoline/Electricity,FA,T3B70,Federal Tier 3 Bin 70,KPRXV02.9PH6,large car,5,21/48,24/54,23/51,8,Yes
PORSCHE Panamera 4 e-Hybrid ST,2.9,6,AMS-8,4WD,Gasoline/Electricity,CA,L3ULEV70,California LEV-III ULEV70,KPRXV02.9PH6,large car,5,21/48,24/54,23/51,8,Yes
PORSCHE Panamera 4 e-Hybrid ST,2.9,6,AMS-8,4WD,Gasoline/Electricity,FA,T3B70,Federal Tier 3 Bin 70,KPRXV02.9PH6,large car,5,21/48,24/54,23/51,8,Yes
PORSCHE Panamera Turbo S e-Hybrid,4,8,AMS-8,4WD,Gasoline/Electricity,CA,L3ULEV125,California LEV-III ULEV125,KPRXV04.0PH8,large car,3,19/46,22/51,20/48,7,Yes
PORSCHE Panamera Turbo S e-Hybrid,4,8,AMS-8,4WD,Gasoline/Electricity,FA,T3B125,Federal Tier 3 Bin 125,KPRXV04.0PH8,large car,3,19/46,22/51,20/48,7,Yes
PORSCHE Panamera Turbo S e-Hybrid Exec,4,8,AMS-8,4WD,Gasoline/Electricity,CA,L3ULEV125,California LEV-III ULEV125,KPRXV04.0PH8,large car,3,19/46,22/51,20/48,7,Yes
PORSCHE Panamera Turbo S e-Hybrid Exec,4,8,AMS-8,4WD,Gasoline/Electricity,FA,T3B125,Federal Tier 3 Bin 125,KPRXV04.0PH8,large car,3,19/46,22/51,20/48,7,Yes
PORSCHE Panamera Turbo S e-Hybrid ST,4,8,AMS-8,4WD,Gasoline/Electricity,CA,L3ULEV125,California LEV-III ULEV125,KPRXV04.0PH8,large car,3,19/46,22/51,20/48,7,Yes
PORSCHE Panamera Turbo S e-Hybrid ST,4,8,AMS-8,4WD,Gasoline/Electricity,FA,T3B125,Federal Tier 3 Bin 125,KPRXV04.0PH8,large car,3,19/46,22/51,20/48,7,Yes
SMART EQ fortwo convertible,N/A,N/A,Auto-1,2WD,Electricity,FA,T3B0,Federal Tier 3 Bin 0,KMBXV00.0ED2,small car,10,112,91,102,10,Elite
SMART EQ fortwo convertible,N/A,N/A,Auto-1,2WD,Electricity,CA,ZEV,California ZEV,KMBXV00.0ED2,small car,10,112,91,102,10,Elite
SMART EQ fortwo coupe,N/A,N/A,Auto-1,2WD,Electricity,FA,T3B0,Federal Tier 3 Bin 0,KMBXV00.0ED1,small car,10,124,94,108,10,Elite
SMART EQ fortwo coupe,N/A,N/A,Auto-1,2WD,Electricity,CA,ZEV,California ZEV,KMBXV00.0ED1,small car,10,124,94,108,10,Elite
SUBARU Crosstrek Hybrid,2,4,CVT,4WD,Gasoline/Electricity,CA,L3SULEV30,California LEV-III SULEV30,KFJXT02.0EVC,small SUV,7,36/99,35/80,35/90,10,Elite
SUBARU Crosstrek Hybrid,2,4,CVT,4WD,Gasoline/Electricity,FA,T3B50,Federal Tier 3 Bin 50,KFJXT02.0EVC,small SUV,6,36/99,35/80,35/90,10,Yes
SUBARU Impreza,2,4,SCV-7,4WD,Gasoline,CA,L3SULEV30,California LEV-III SULEV30,KFJXJ02.5BUY,midsize car,7,28,38,32,7,Yes
SUBARU Impreza,2,4,SCV-7,4WD,Gasoline,CA,L3SULEV30,California LEV-III SULEV30,KFJXJ02.5BUY,station wagon,7,28,36,31,7,Yes
SUBARU Impreza,2,4,SCV-7,4WD,Gasoline,FA,T3B50,Federal Tier 3 Bin 50,KFJXJ02.5BUY,midsize car,6,28,38,32,7,Yes
SUBARU Impreza,2,4,SCV-7,4WD,Gasoline,FA,T3B50,Federal Tier 3 Bin 50,KFJXJ02.5BUY,station wagon,6,28,36,31,7,Yes
SUBARU Impreza 4-Door Sport,2,4,SCV-7,4WD,Gasoline,CA,L3SULEV30,California LEV-III SULEV30,KFJXJ02.5BUY,midsize car,7,27,36,30,7,Yes
SUBARU Impreza 4-Door Sport,2,4,SCV-7,4WD,Gasoline,FA,T3B50,Federal Tier 3 Bin 50,KFJXJ02.5BUY,midsize car,6,27,36,30,7,Yes
SUBARU Impreza 5-Door Sport,2,4,SCV-7,4WD,Gasoline,CA,L3SULEV30,California LEV-III SULEV30,KFJXJ02.5BUY,station wagon,7,27,35,30,7,Yes
SUBARU Impreza 5-Door Sport,2,4,SCV-7,4WD,Gasoline,FA,T3B50,Federal Tier 3 Bin 50,KFJXJ02.5BUY,station wagon,6,27,35,30,7,Yes
TESLA Model 3 Long Range,N/A,N/A,Auto-1,4WD,Electricity,FA,T3B0,Federal Tier 3 Bin 0,KTSLV00.0L23,midsize car,10,120,112,116,10,Elite
TESLA Model 3 Long Range,N/A,N/A,Auto-1,4WD,Electricity,CA,ZEV,California ZEV,KTSLV00.0L23,midsize car,10,120,112,116,10,Elite
TESLA Model 3 Long Range Performance,N/A,N/A,Auto-1,4WD,Electricity,FA,T3B0,Federal Tier 3 Bin 0,KTSLV00.0L23,midsize car,10,120,112,116,10,Elite
TESLA Model 3 Long Range Performance,N/A,N/A,Auto-1,4WD,Electricity,CA,ZEV,California ZEV,KTSLV00.0L23,midsize car,10,120,112,116,10,Elite
TESLA Model 3 Mid Range,N/A,N/A,Auto-1,2WD,Electricity,FA,T3B0,Federal Tier 3 Bin 0,KTSLV00.0L13,midsize car,10,128,117,123,10,Elite
TESLA Model 3 Mid Range,N/A,N/A,Auto-1,2WD,Electricity,CA,ZEV,California ZEV,KTSLV00.0L13,midsize car,10,128,117,123,10,Elite
TESLA Model 3 Standard Range,N/A,N/A,Auto-1,2WD,Electricity,FA,T3B0,Federal Tier 3 Bin 0,KTSLV00.0L13,midsize car,10,138,124,131,10,Elite
TESLA Model 3 Standard Range,N/A,N/A,Auto-1,2WD,Electricity,CA,ZEV,California ZEV,KTSLV00.0L13,midsize car,10,138,124,131,10,Elite
TESLA Model 3 Standard Range Plus,N/A,N/A,Auto-1,2WD,Electricity,FA,T3B0,Federal Tier 3 Bin 0,KTSLV00.0L13,midsize car,10,140,124,133,10,Elite
TESLA Model 3 Standard Range Plus,N/A,N/A,Auto-1,2WD,Electricity,CA,ZEV,California ZEV,KTSLV00.0L13,midsize car,10,140,124,133,10,Elite
TESLA Model 4 Long Range,N/A,N/A,Auto-1,2WD,Electricity,FA,T3B0,Federal Tier 3 Bin 0,KTSLV00.0L13,midsize car,10,136,123,130,10,Elite
TESLA Model 4 Long Range,N/A,N/A,Auto-1,2WD,Electricity,CA,ZEV,California ZEV,KTSLV00.0L13,midsize car,10,136,123,130,10,Elite
TESLA Model S 100D,N/A,N/A,Auto-1,4WD,Electricity,FA,T3B0,Federal Tier 3 Bin 0,KTSLV00.0L2S,large car,10,101,102,102,10,Elite
TESLA Model S 100D,N/A,N/A,Auto-1,4WD,Electricity,CA,ZEV,California ZEV,KTSLV00.0L2S,large car,10,101,102,102,10,Elite
TESLA Model S 75D,N/A,N/A,Auto-1,4WD,Electricity,FA,T3B0,Federal Tier 3 Bin 0,KTSLV00.0L2S,large car,10,102,105,103,10,Elite
TESLA Model S 75D,N/A,N/A,Auto-1,4WD,Electricity,CA,ZEV,California ZEV,KTSLV00.0L2S,large car,10,102,105,103,10,Elite
TESLA Model S Long Range,N/A,N/A,Auto-1,4WD,Electricity,FA,T3B0,Federal Tier 3 Bin 0,KTSLV00.0L2S,large car,10,115,107,111,10,Elite
TESLA Model S Long Range,N/A,N/A,Auto-1,4WD,Electricity,CA,ZEV,California ZEV,KTSLV00.0L2S,large car,10,115,107,111,10,Elite
"TESLA Model S Performance (19"")",N/A,N/A,Auto-1,4WD,Electricity,FA,T3B0,Federal Tier 3 Bin 0,KTSLV00.0L2S,large car,10,104,104,104,10,Elite
"TESLA Model S Performance (19"")",N/A,N/A,Auto-1,4WD,Electricity,CA,ZEV,California ZEV,KTSLV00.0L2S,large car,10,104,104,104,10,Elite
"TESLA Model S Performance (21"")",N/A,N/A,Auto-1,4WD,Electricity,FA,T3B0,Federal Tier 3 Bin 0,KTSLV00.0L2S,large car,10,98,96,97,10,Elite
"TESLA Model S Performance (21"")",N/A,N/A,Auto-1,4WD,Electricity,CA,ZEV,California ZEV,KTSLV00.0L2S,large car,10,98,96,97,10,Elite
TESLA Model S Standard Range,N/A,N/A,Auto-1,4WD,Electricity,FA,T3B0,Federal Tier 3 Bin 0,KTSLV00.0L2S,large car,10,113,105,109,10,Elite
TESLA Model S Standard Range,N/A,N/A,Auto-1,4WD,Electricity,CA,ZEV,California ZEV,KTSLV00.0L2S,large car,10,113,105,109,10,Elite
TESLA Model X 100D,N/A,N/A,Auto-1,4WD,Electricity,FA,T3B0,Federal Tier 3 Bin 0,KTSLV00.0L2X,standard SUV,10,86,89,87,10,Elite
TESLA Model X 100D,N/A,N/A,Auto-1,4WD,Electricity,CA,ZEV,California ZEV,KTSLV00.0L2X,standard SUV,10,86,89,87,10,Elite
TESLA Model X 75D,N/A,N/A,Auto-1,4WD,Electricity,FA,T3B0,Federal Tier 3 Bin 0,KTSLV00.0L2X,standard SUV,10,91,95,93,10,Elite
TESLA Model X 75D,N/A,N/A,Auto-1,4WD,Electricity,CA,ZEV,California ZEV,KTSLV00.0L2X,standard SUV,10,91,95,93,10,Elite
TESLA Model X Long Range,N/A,N/A,Auto-1,4WD,Electricity,FA,T3B0,Federal Tier 3 Bin 0,KTSLV00.0L2X,standard SUV,10,99,93,96,10,Elite
TESLA Model X Long Range,N/A,N/A,Auto-1,4WD,Electricity,CA,ZEV,California ZEV,KTSLV00.0L2X,standard SUV,10,99,93,96,10,Elite
TESLA Model X P100D,N/A,N/A,Auto-1,4WD,Electricity,FA,T3B0,Federal Tier 3 Bin 0,KTSLV00.0L2X,standard SUV,10,83,89,85,10,Elite
TESLA Model X P100D,N/A,N/A,Auto-1,4WD,Electricity,CA,ZEV,California ZEV,KTSLV00.0L2X,standard SUV,10,83,89,85,10,Elite
"TESLA Model X Performance (20"")",N/A,N/A,Auto-1,4WD,Electricity,FA,T3B0,Federal Tier 3 Bin 0,KTSLV00.0L2X,standard SUV,10,90,89,90,10,Elite
"TESLA Model X Performance (20"")",N/A,N/A,Auto-1,4WD,Electricity,CA,ZEV,California ZEV,KTSLV00.0L2X,standard SUV,10,90,89,90,10,Elite
"TESLA Model X Performance (22"")",N/A,N/A,Auto-1,4WD,Electricity,FA,T3B0,Federal Tier 3 Bin 0,KTSLV00.0L2X,standard SUV,10,80,77,79,10,Elite
"TESLA Model X Performance (22"")",N/A,N/A,Auto-1,4WD,Electricity,CA,ZEV,California ZEV,KTSLV00.0L2X,standard SUV,10,80,77,79,10,Elite
TESLA Model X Standard Range,N/A,N/A,Auto-1,4WD,Electricity,FA,T3B0,Federal Tier 3 Bin 0,KTSLV00.0L2X,standard SUV,10,105,98,101,10,Elite
TESLA Model X Standard Range,N/A,N/A,Auto-1,4WD,Electricity,CA,ZEV,California ZEV,KTSLV00.0L2X,standard SUV,10,105,98,101,10,Elite
TOYOTA Avalon Hybrid,2.5,4,SCV-6,2WD,Gasoline,CA,L3SULEV30,California LEV-III SULEV30,KTYXV02.5P33,midsize car,7,43,43,43,9,Yes
TOYOTA Avalon Hybrid,2.5,4,SCV-6,2WD,Gasoline,FA,T3B30,Federal Tier 3 Bin 30,KTYXV02.5P33,midsize car,7,43,43,43,9,Yes
TOYOTA Avalon Hybrid XLE,2.5,4,SCV-6,2WD,Gasoline,CA,L3SULEV30,California LEV-III SULEV30,KTYXV02.5P33,midsize car,7,43,44,44,10,Elite
TOYOTA Avalon Hybrid XLE,2.5,4,SCV-6,2WD,Gasoline,FA,T3B30,Federal Tier 3 Bin 30,KTYXV02.5P33,midsize car,7,43,44,44,10,Elite
TOYOTA Camry,2.5,4,SemiAuto-8,2WD,Gasoline,CA,L3SULEV30,California LEV-III SULEV30,KTYXV02.5P3A,midsize car,7,29,41,34,8,Yes
TOYOTA Camry,2.5,4,SemiAuto-8,2WD,Gasoline,FA,T3B30,Federal Tier 3 Bin 30,KTYXV02.5P3A,midsize car,7,29,41,34,8,Yes
TOYOTA Camry Hybrid LE,2.5,4,SCV-6,2WD,Gasoline,CA,L3SULEV30,California LEV-III SULEV30,KTYXV02.5P35,midsize car,7,51,53,52,10,Elite
TOYOTA Camry Hybrid LE,2.5,4,SCV-6,2WD,Gasoline,FA,T3B30,Federal Tier 3 Bin 30,KTYXV02.5P35,midsize car,7,51,53,52,10,Elite
TOYOTA Camry Hybrid XLE/SE,2.5,4,SCV-6,2WD,Gasoline,CA,L3SULEV30,California LEV-III SULEV30,KTYXV02.5P33,midsize car,7,44,47,46,10,Elite
TOYOTA Camry Hybrid XLE/SE,2.5,4,SCV-6,2WD,Gasoline,FA,T3B30,Federal Tier 3 Bin 30,KTYXV02.5P33,midsize car,7,44,47,46,10,Elite
TOYOTA Camry LE/SE,2.5,4,SemiAuto-8,2WD,Gasoline,CA,L3SULEV30,California LEV-III SULEV30,KTYXV02.5P3A,midsize car,7,28,39,32,7,Yes
TOYOTA Camry LE/SE,2.5,4,SemiAuto-8,2WD,Gasoline,FA,T3B30,Federal Tier 3 Bin 30,KTYXV02.5P3A,midsize car,7,28,39,32,7,Yes
TOYOTA Camry XLE/XSE,2.5,4,SemiAuto-8,2WD,Gasoline,CA,L3SULEV30,California LEV-III SULEV30,KTYXV02.5P3A,midsize car,7,28,39,32,7,Yes
TOYOTA Camry XLE/XSE,2.5,4,SemiAuto-8,2WD,Gasoline,FA,T3B30,Federal Tier 3 Bin 30,KTYXV02.5P3A,midsize car,7,28,39,32,7,Yes
TOYOTA Corolla,1.8,4,CVT,2WD,Gasoline,FA,T3B125,Federal Tier 3 Bin 125,KTYXV01.8B6A,midsize car,3,28,36,32,7,Yes
TOYOTA Corolla,1.8,4,CVT,2WD,Gasoline,CA,U2,California LEV-II ULEV,KTYXV01.8B6A,midsize car,3,28,36,32,7,Yes
TOYOTA Corolla,1.8,4,Man-6,2WD,Gasoline,FA,T3B125,Federal Tier 3 Bin 125,KTYXV01.8B6A,midsize car,3,27,35,30,7,Yes
TOYOTA Corolla,1.8,4,Man-6,2WD,Gasoline,CA,U2,California LEV-II ULEV,KTYXV01.8B6A,midsize car,3,27,35,30,7,Yes
TOYOTA Corolla,1.8,4,SCV-7,2WD,Gasoline,FA,T3B125,Federal Tier 3 Bin 125,KTYXV01.8B6A,midsize car,3,28,35,31,7,Yes
TOYOTA Corolla,1.8,4,SCV-7,2WD,Gasoline,CA,U2,California LEV-II ULEV,KTYXV01.8B6A,midsize car,3,28,35,31,7,Yes
TOYOTA Corolla Hatchback,2,4,Man-6,2WD,Gasoline,CA,L3ULEV50,California LEV-III ULEV50,KTYXV02.0N4B,small car,6,28,37,31,7,Yes
TOYOTA Corolla Hatchback,2,4,Man-6,2WD,Gasoline,FA,T3B50,Federal Tier 3 Bin 50,KTYXV02.0N4B,small car,6,28,37,31,7,Yes
TOYOTA Corolla Hatchback,2,4,SCV-10,2WD,Gasoline,CA,L3ULEV50,California LEV-III ULEV50,KTYXV02.0N4B,small car,6,32,42,36,8,Yes
TOYOTA Corolla Hatchback,2,4,SCV-10,2WD,Gasoline,FA,T3B50,Federal Tier 3 Bin 50,KTYXV02.0N4B,small car,6,32,42,36,8,Yes
TOYOTA Corolla Hatchback XSE,2,4,SCV-10,2WD,Gasoline,CA,L3ULEV50,California LEV-III ULEV50,KTYXV02.0N4B,small car,6,30,38,33,8,Yes
TOYOTA Corolla Hatchback XSE,2,4,SCV-10,2WD,Gasoline,FA,T3B50,Federal Tier 3 Bin 50,KTYXV02.0N4B,small car,6,30,38,33,8,Yes
TOYOTA Corolla LE Eco,1.8,4,CVT,2WD,Gasoline,CA,L3ULEV70,California LEV-III ULEV70,KTYXV01.8M5B,midsize car,5,29,38,33,8,Yes
TOYOTA Corolla LE Eco,1.8,4,CVT,2WD,Gasoline,CA,L3ULEV70,California LEV-III ULEV70,KTYXV01.8M5B,midsize car,5,30,40,34,8,Yes
TOYOTA Corolla LE Eco,1.8,4,CVT,2WD,Gasoline,FA,T3B70,Federal Tier 3 Bin 70,KTYXV01.8M5B,midsize car,5,29,38,33,8,Yes
TOYOTA Corolla LE Eco,1.8,4,CVT,2WD,Gasoline,FA,T3B70,Federal Tier 3 Bin 70,KTYXV01.8M5B,midsize car,5,30,40,34,8,Yes
TOYOTA Mirai,N/A,N/A,CVT,2WD,Hydrogen,FA,T3B0,Federal Tier 3 Bin 0,KTYXV00.0DA7,small car,10,67,67,67,10,Elite
TOYOTA Mirai,N/A,N/A,CVT,2WD,Hydrogen,CA,ZEV,California ZEV,KTYXV00.0DA7,small car,10,67,67,67,10,Elite
TOYOTA Prius,1.8,4,CVT,2WD,Gasoline,CA,L3SULEV30,California LEV-III SULEV30,KTYXV01.8P34,midsize car,7,54,50,52,10,Elite
TOYOTA Prius,1.8,4,CVT,2WD,Gasoline,FA,T3B30,Federal Tier 3 Bin 30,KTYXV01.8P34,midsize car,7,54,50,52,10,Elite
TOYOTA Prius,1.8,4,CVT,4WD,Gasoline,CA,L3SULEV30,California LEV-III SULEV30,KTYXV01.8P33,midsize car,7,52,48,50,10,Elite
TOYOTA Prius,1.8,4,CVT,4WD,Gasoline,FA,T3B30,Federal Tier 3 Bin 30,KTYXV01.8P33,midsize car,7,52,48,50,10,Elite
TOYOTA Prius Eco,1.8,4,CVT,2WD,Gasoline,CA,L3SULEV30,California LEV-III SULEV30,KTYXV01.8P34,midsize car,7,58,53,56,10,Elite
TOYOTA Prius Eco,1.8,4,CVT,2WD,Gasoline,FA,T3B30,Federal Tier 3 Bin 30,KTYXV01.8P34,midsize car,7,58,53,56,10,Elite
TOYOTA Prius Prime,1.8,4,CVT,2WD,Gasoline/Electricity,CA,L3SULEV30,California LEV-III SULEV30,KTYXV01.8P35,midsize car,7,55/145,53/121,54/133,10,Elite
TOYOTA Prius Prime,1.8,4,CVT,2WD,Gasoline/Electricity,FA,T3B30,Federal Tier 3 Bin 30,KTYXV01.8P35,midsize car,7,55/145,53/121,54/133,10,Elite
TOYOTA Prius c,1.5,4,CVT,2WD,Gasoline,CA,L3SULEV30,California LEV-III SULEV30,KTYXV01.5P34,small car,7,48,43,46,10,Elite
TOYOTA Prius c,1.5,4,CVT,2WD,Gasoline,FA,T3B30,Federal Tier 3 Bin 30,KTYXV01.5P34,small car,7,48,43,46,10,Elite
TOYOTA RAV4,2.5,4,SemiAuto-8,2WD,Gasoline,CA,L3ULEV50,California LEV-III ULEV50,KTYXT02.5N4H,small SUV,6,26,35,30,7,Yes
TOYOTA RAV4,2.5,4,SemiAuto-8,2WD,Gasoline,FA,T3B50,Federal Tier 3 Bin 50,KTYXT02.5N4H,small SUV,6,26,35,30,7,Yes
TOYOTA RAV4,2.5,4,SemiAuto-8,4WD,Gasoline,CA,L3ULEV50,California LEV-III ULEV50,KTYXT02.5N4H,small SUV,6,27,34,30,7,Yes
TOYOTA RAV4,2.5,4,SemiAuto-8,4WD,Gasoline,FA,T3B50,Federal Tier 3 Bin 50,KTYXT02.5N4H,small SUV,6,27,34,30,7,Yes
TOYOTA RAV4 Hybrid,2.5,4,SCV-6,4WD,Gasoline,CA,L3SULEV30,California LEV-III SULEV30,KTYXT02.5P3N,small SUV,7,41,38,40,9,Yes
TOYOTA RAV4 Hybrid,2.5,4,SCV-6,4WD,Gasoline,FA,T3B30,Federal Tier 3 Bin 30,KTYXT02.5P3N,small SUV,7,41,38,40,9,Yes
TOYOTA Yaris,1.5,4,Auto-4,2WD,Gasoline,FA,T3B125,Federal Tier 3 Bin 125,KTYXV01.5B6B,small car,3,30,35,32,7,Yes
TOYOTA Yaris,1.5,4,Auto-4,2WD,Gasoline,CA,U2,California LEV-II ULEV,KTYXV01.5B6B,small car,3,30,35,32,7,Yes
TOYOTA Yaris,1.5,4,Man-6,2WD,Gasoline,CA,L2ULEV125,California LEV-II ULEV125,KTYXV01.5F6A,small car,3,30,39,34,8,Yes
TOYOTA Yaris,1.5,4,Man-6,2WD,Gasoline,FA,T3B125,Federal Tier 3 Bin 125,KTYXV01.5F6A,small car,3,30,39,34,8,Yes
TOYOTA Yaris,1.5,4,SemiAuto-6,2WD,Gasoline,CA,L2ULEV125,California LEV-II ULEV125,KTYXV01.5F6A,small car,3,32,40,35,8,Yes
TOYOTA Yaris,1.5,4,SemiAuto-6,2WD,Gasoline,FA,T3B125,Federal Tier 3 Bin 125,KTYXV01.5F6A,small car,3,32,40,35,8,Yes
VOLKSWAGEN Golf,1.4,4,Man-6,2WD,Gasoline,CA,L3SULEV30,California LEV-III SULEV30,KVGAV01.4V1P,small car,7,29,37,32,7,Yes
VOLKSWAGEN Golf,1.4,4,Man-6,2WD,Gasoline,FA,T3B30,Federal Tier 3 Bin 30,KVGAV01.4V1P,small car,7,29,37,32,7,Yes
VOLKSWAGEN Golf,1.4,4,SemiAuto-8,2WD,Gasoline,CA,L3SULEV30,California LEV-III SULEV30,KVGAV01.4V1P,small car,7,29,37,32,7,Yes
VOLKSWAGEN Golf,1.4,4,SemiAuto-8,2WD,Gasoline,FA,T3B30,Federal Tier 3 Bin 30,KVGAV01.4V1P,small car,7,29,37,32,7,Yes
VOLKSWAGEN Golf SportWagen,1.4,4,Man-6,2WD,Gasoline,CA,L3SULEV30,California LEV-III SULEV30,KVGAV01.4V1P,station wagon,7,29,37,32,7,Yes
VOLKSWAGEN Golf SportWagen,1.4,4,Man-6,2WD,Gasoline,FA,T3B30,Federal Tier 3 Bin 30,KVGAV01.4V1P,station wagon,7,29,37,32,7,Yes
VOLKSWAGEN Golf SportWagen,1.4,4,SemiAuto-8,2WD,Gasoline,CA,L3SULEV30,California LEV-III SULEV30,KVGAV01.4V1P,station wagon,7,27,36,31,7,Yes
VOLKSWAGEN Golf SportWagen,1.4,4,SemiAuto-8,2WD,Gasoline,FA,T3B30,Federal Tier 3 Bin 30,KVGAV01.4V1P,station wagon,7,27,36,31,7,Yes
VOLKSWAGEN Jetta,1.4,4,Man-6,2WD,Gasoline,CA,L3SULEV30,California LEV-III SULEV30,KVGAV01.4V1P,small car,7,30,40,34,8,Yes
VOLKSWAGEN Jetta,1.4,4,Man-6,2WD,Gasoline,FA,T3B30,Federal Tier 3 Bin 30,KVGAV01.4V1P,small car,7,30,40,34,8,Yes
VOLKSWAGEN Jetta,1.4,4,SemiAuto-8,2WD,Gasoline,CA,L3SULEV30,California LEV-III SULEV30,KVGAV01.4V1P,small car,7,30,40,34,8,Yes
VOLKSWAGEN Jetta,1.4,4,SemiAuto-8,2WD,Gasoline,FA,T3B30,Federal Tier 3 Bin 30,KVGAV01.4V1P,small car,7,30,40,34,8,Yes
VOLKSWAGEN e-Golf,N/A,N/A,Auto-1,2WD,Electricity,FA,T3B0,Federal Tier 3 Bin 0,KVGAV00.0VZZ,small car,10,126,111,119,10,Elite
VOLKSWAGEN e-Golf,N/A,N/A,Auto-1,2WD,Electricity,CA,ZEV,California ZEV,KVGAV00.0VZZ,small car,10,126,111,119,10,Elite
VOLVO S60,2,4,SemiAuto-8,4WD,Gasoline/Electricity,CA,L3SULEV30,California LEV-III SULEV30,KVVXJ02.0P30,small car,7,29/74,34/74,31/74,10,Elite
VOLVO S60,2,4,SemiAuto-8,4WD,Gasoline/Electricity,FA,T3B30,Federal Tier 3 Bin 30,KVVXJ02.0P30,small car,7,29/74,34/74,31/74,10,Elite
VOLVO S90,2,4,SemiAuto-8,4WD,Gasoline/Electricity,CA,L3SULEV30,California LEV-III SULEV30,KVVXJ02.0P30,midsize car,7,26/70,33/72,29/71,10,Elite
VOLVO S90,2,4,SemiAuto-8,4WD,Gasoline/Electricity,FA,T3B30,Federal Tier 3 Bin 30,KVVXJ02.0P30,midsize car,7,26/70,33/72,29/71,10,Elite
VOLVO XC60,2,4,SemiAuto-8,4WD,Gasoline/Electricity,CA,L3SULEV30,California LEV-III SULEV30,KVVXJ02.0P30,small SUV,7,25/59,28/57,26/58,9,Yes
VOLVO XC60,2,4,SemiAuto-8,4WD,Gasoline/Electricity,FA,T3B30,Federal Tier 3 Bin 30,KVVXJ02.0P30,small SUV,7,25/59,28/57,26/58,9,Yes
VOLVO XC90,2,4,SemiAuto-8,4WD,Gasoline/Electricity,CA,L3SULEV30,California LEV-III SULEV30,KVVXJ02.0P30,standard SUV,7,24/59,27/56,25/58,9,Yes
VOLVO XC90,2,4,SemiAuto-8,4WD,Gasoline/Electricity,FA,T3B30,Federal Tier 3 Bin 30,KVVXJ02.0P30,standard SUV,7,24/59,27/56,25/58,9,Yes